track_name,artist_name,album_name,track_popularity,danceability,energy,key,loudness,mode,speechiness,acousticness,instrumentalness,liveness,valence,duration,tempo,time_signature,playlist_id,playlist_name,playlist_description
The Night We Met,Lord Huron,Strange Trails,90,0.448,0.369,9,-9.514,1,0.0452,0.968,0.272,0.638,0.0998,208212,174.097,3,37i9dQZF1EIdChYeHNDfK5,Sad Crying Mix,Sad Crying music picked just for you
Lose You To Love Me,Selena Gomez,Rare,79,0.516,0.342,4,-8.985,1,0.0425,0.55,0,0.21,0.0993,206459,102.819,4,37i9dQZF1EIdChYeHNDfK5,Sad Crying Mix,Sad Crying music picked just for you
Mr. Forgettable,David Kushner,Footprints I Found,76,0.564,0.412,8,-9.23,0,0.0274,0.554,0,0.151,0.29,187293,144.689,4,37i9dQZF1EIdChYeHNDfK5,Sad Crying Mix,Sad Crying music picked just for you
Ghost Town,Benson Boone,Fireworks & Rollerblades,76,0.391,0.335,0,-10.064,1,0.0763,0.389,0,0.102,0.116,193733,174.185,3,37i9dQZF1EIdChYeHNDfK5,Sad Crying Mix,Sad Crying music picked just for you
Sorry,Halsey,hopeless fountain kingdom (Deluxe),69,0.513,0.25,5,-9.376,0,0.0367,0.913,0,0.117,0.351,220541,74.103,4,37i9dQZF1EIdChYeHNDfK5,Sad Crying Mix,Sad Crying music picked just for you
The Other Woman,Lana Del Rey,Ultraviolence (Deluxe),75,0.255,0.468,7,-6.43,0,0.0317,0.822,0.248,0.339,0.175,181960,111.67,4,37i9dQZF1EIdChYeHNDfK5,Sad Crying Mix,Sad Crying music picked just for you
changes,XXXTENTACION,?,77,0.669,0.308,11,-10.068,1,0.029,0.883,0,0.0984,0.52,121887,64.934,4,37i9dQZF1EIdChYeHNDfK5,Sad Crying Mix,Sad Crying music picked just for you
worldstar money (interlude),Joji,In Tongues (Deluxe),76,0.577,0.387,7,-8.607,1,0.274,0.964,0.705,0.208,0.459,126312,146.565,1,37i9dQZF1EIdChYeHNDfK5,Sad Crying Mix,Sad Crying music picked just for you
champagne problems,Taylor Swift,evermore,78,0.462,0.24,0,-12.077,1,0.0377,0.92,0,0.113,0.32,244000,171.319,4,37i9dQZF1EIdChYeHNDfK5,Sad Crying Mix,Sad Crying music picked just for you
DÃ³nde estÃ¡ el amor (feat. Jesse & Joy),Pablo AlborÃ¡n,Tanto (EdiciÃ³n Premium),74,0.597,0.848,4,-5.458,1,0.0406,0.173,0,0.373,0.324,233896,139.876,4,37i9dQZF1EIdChYeHNDfK5,Sad Crying Mix,Sad Crying music picked just for you
Ecos De Amor,Jesse & Joy,Un Besito MÃ¡s,69,0.248,0.75,7,-2.964,1,0.0397,0.318,0,0.211,0.18,215112,70.679,3,37i9dQZF1EIdChYeHNDfK5,Sad Crying Mix,Sad Crying music picked just for you
bitches broken hearts,Billie Eilish,bitches broken hearts,74,0.778,0.422,0,-10.114,1,0.0482,0.921,0.00924,0.0958,0.187,176472,120.033,4,37i9dQZF1EIdChYeHNDfK5,Sad Crying Mix,Sad Crying music picked just for you
Liability,Lorde,Melodrama,71,0.587,0.229,10,-11.254,0,0.128,0.92,0,0.1,0.379,171728,75.67,4,37i9dQZF1EIdChYeHNDfK5,Sad Crying Mix,Sad Crying music picked just for you
Already Gone,Sleeping At Last,"Covers, Vol. 2",68,0.418,0.248,3,-9.997,1,0.0451,0.954,4.21e-06,0.108,0.298,243007,130.953,4,37i9dQZF1EIdChYeHNDfK5,Sad Crying Mix,Sad Crying music picked just for you
Say Something,A Great Big World,Is There Anybody Out There? - Track by Track Commentary,71,0.407,0.147,2,-8.822,1,0.0355,0.857,2.89e-06,0.0913,0.0765,229400,141.284,3,37i9dQZF1EIdChYeHNDfK5,Sad Crying Mix,Sad Crying music picked just for you
Be My Mistake,The 1975,A Brief Inquiry Into Online Relationships,67,0.576,0.155,6,-14.405,1,0.0341,0.834,0.000137,0.0906,0.0946,256689,109.843,3,37i9dQZF1EIdChYeHNDfK5,Sad Crying Mix,Sad Crying music picked just for you
Pretty When You Cry,Lana Del Rey,Ultraviolence (Deluxe),77,0.509,0.547,10,-6.548,0,0.0417,0.399,0,0.215,0.197,234147,109.436,4,37i9dQZF1EIdChYeHNDfK5,Sad Crying Mix,Sad Crying music picked just for you
Stay,Rihanna,Unapologetic (Edited Version),72,0.621,0.31,9,-10.164,0,0.0283,0.945,6.12e-05,0.117,0.125,240707,111.881,4,37i9dQZF1EIdChYeHNDfK5,Sad Crying Mix,Sad Crying music picked just for you
Too Good At Goodbyes,Sam Smith,The Thrill Of It All (Special Edition),84,0.715,0.372,5,-8.237,1,0.0443,0.638,0,0.169,0.474,201000,91.931,4,37i9dQZF1EIdChYeHNDfK5,Sad Crying Mix,Sad Crying music picked just for you
Skinny Love,Birdy,Birdy,72,0.379,0.29,4,-8.487,1,0.0513,0.952,0.000996,0.118,0.184,201080,165.997,4,37i9dQZF1EIdChYeHNDfK5,Sad Crying Mix,Sad Crying music picked just for you
Te Vi Venir,Sin Bandera,Sin Bandera,69,0.625,0.315,4,-9.204,1,0.0349,0.862,0,0.102,0.46,194707,135.795,4,37i9dQZF1EIdChYeHNDfK5,Sad Crying Mix,Sad Crying music picked just for you
Medicine,Daughter,The Wild Youth EP,65,0.215,0.316,3,-12.201,1,0.0297,0.135,0.244,0.595,0.19,258986,94.627,3,37i9dQZF1EIdChYeHNDfK5,Sad Crying Mix,Sad Crying music picked just for you
Will He,Joji,In Tongues (Deluxe),68,0.618,0.217,10,-15.372,1,0.0515,0.836,0.000163,0.538,0.0872,202103,116.014,4,37i9dQZF1EIdChYeHNDfK5,Sad Crying Mix,Sad Crying music picked just for you
Chasing Pavements,Adele,19,74,0.616,0.47,5,-6.092,0,0.0253,0.291,0,0.111,0.325,210507,80.03,4,37i9dQZF1EIdChYeHNDfK5,Sad Crying Mix,Sad Crying music picked just for you
Take Me Home,Jess Glynne,I Cry When I Laugh,66,0.582,0.451,9,-6.163,1,0.0388,0.292,0,0.101,0.242,265382,75.126,4,37i9dQZF1EIdChYeHNDfK5,Sad Crying Mix,Sad Crying music picked just for you
Lose My Mind - Acoustic,Dean Lewis,Lose My Mind (Acoustic),58,0.515,0.201,8,-10.866,1,0.0569,0.939,1.29e-06,0.0889,0.228,193628,74.21,4,37i9dQZF1EIdChYeHNDfK5,Sad Crying Mix,Sad Crying music picked just for you
The Night We Met,Lord Huron,The Night We Met,67,0.428,0.361,2,-11.111,1,0.0392,0.974,0.185,0.631,0.117,209081,174.036,3,37i9dQZF1EIdChYeHNDfK5,Sad Crying Mix,Sad Crying music picked just for you
Lost Without You,Freya Ridings,Freya Ridings,67,0.386,0.136,6,-9.267,1,0.0458,0.932,0,0.0653,0.0976,225853,67.016,3,37i9dQZF1EIdChYeHNDfK5,Sad Crying Mix,Sad Crying music picked just for you
Say You Won't Let Go,James Arthur,Back from the Edge,88,0.358,0.557,10,-7.398,1,0.059,0.695,0,0.0902,0.494,211467,85.043,4,37i9dQZF1EIdChYeHNDfK5,Sad Crying Mix,Sad Crying music picked just for you
I Lost Myself In Loving You,Jamie Miller,Broken Memories,61,0.456,0.615,1,-5.454,1,0.0529,0.614,0,0.0908,0.416,201307,78.461,4,37i9dQZF1EIdChYeHNDfK5,Sad Crying Mix,Sad Crying music picked just for you
Â¡Corre!,Jesse & Joy,Â¿Con QuiÃ©n Se Queda El Perro?,72,0.479,0.477,11,-6.886,1,0.0363,0.127,0,0.15,0.127,288893,151.97,4,37i9dQZF1EIdChYeHNDfK5,Sad Crying Mix,Sad Crying music picked just for you
Chasing Cars,Sleeping At Last,"Covers, Vol. 2",59,0.467,0.157,11,-9.649,1,0.0336,0.974,1.46e-06,0.0816,0.277,242564,108.13,4,37i9dQZF1EIdChYeHNDfK5,Sad Crying Mix,Sad Crying music picked just for you
Fingers Crossed,Lauren Spencer Smith,Mirror,74,0.56,0.473,5,-7.23,1,0.0533,0.618,0,0.31,0.441,175345,109.414,4,37i9dQZF1EIdChYeHNDfK5,Sad Crying Mix,Sad Crying music picked just for you
Let It Go,James Bay,Chaos And The Calm,69,0.536,0.311,1,-10.396,1,0.0288,0.82,1.65e-05,0.107,0.246,260533,147.486,4,37i9dQZF1EIdChYeHNDfK5,Sad Crying Mix,Sad Crying music picked just for you
Romantic Homicide,d4vd,Romantic Homicide,87,0.571,0.544,6,-10.613,1,0.0299,0.453,0.00805,0.322,0.216,132631,132.052,4,37i9dQZF1EIdChYeHNDfK5,Sad Crying Mix,Sad Crying music picked just for you
The Cut That Always Bleeds,Conan Gray,Kid Krow,73,0.489,0.413,0,-6.499,1,0.0314,0.59,0,0.0639,0.246,231920,136.116,4,37i9dQZF1EIdChYeHNDfK5,Sad Crying Mix,Sad Crying music picked just for you
Control,Zoe Wees,Therapy,67,0.597,0.474,4,-5.058,1,0.0311,0.636,2.33e-06,0.146,0.0662,230893,113.793,4,37i9dQZF1EIdChYeHNDfK5,Sad Crying Mix,Sad Crying music picked just for you
Because of You,Kelly Clarkson,Breakaway,71,0.587,0.583,5,-5.284,0,0.0313,0.248,0,0.124,0.15,219493,139.92,4,37i9dQZF1EIdChYeHNDfK5,Sad Crying Mix,Sad Crying music picked just for you
When We Were Young,Adele,25,77,0.376,0.595,3,-5.936,1,0.0496,0.303,0,0.095,0.265,290900,144.361,4,37i9dQZF1EIdChYeHNDfK5,Sad Crying Mix,Sad Crying music picked just for you
Older,Sasha Alex Sloan,Older,68,0.681,0.292,11,-9.599,1,0.0483,0.743,0,0.0974,0.162,191002,64.002,4,37i9dQZF1EIdChYeHNDfK5,Sad Crying Mix,Sad Crying music picked just for you
Unsteady,X Ambassadors,VHS,73,0.389,0.665,0,-6.169,1,0.0644,0.178,0.000732,0.116,0.199,193547,117.055,4,37i9dQZF1EIdChYeHNDfK5,Sad Crying Mix,Sad Crying music picked just for you
Me Soltaste,Jesse & Joy,Un Besito MÃ¡s,68,0.4,0.398,10,-6.038,0,0.0385,0.786,3.47e-06,0.333,0.16,229933,111.661,4,37i9dQZF1EIdChYeHNDfK5,Sad Crying Mix,Sad Crying music picked just for you
Train Wreck,James Arthur,Back from the Edge,80,0.311,0.485,6,-5.726,0,0.0365,0.701,0,0.0726,0.225,208827,77.355,4,37i9dQZF1EIdChYeHNDfK5,Sad Crying Mix,Sad Crying music picked just for you
The Truth Untold (feat. Steve Aoki),BTS,Love Yourself è½‰ 'Tear',66,0.571,0.422,1,-7.561,0,0.0422,0.374,0,0.127,0.169,242293,113.016,4,37i9dQZF1EIdChYeHNDfK5,Sad Crying Mix,Sad Crying music picked just for you
Iris,The Goo Goo Dolls,Dizzy up the Girl,86,0.315,0.715,11,-8.072,0,0.0362,0.00125,7.97e-06,0.0942,0.497,289533,155.925,3,37i9dQZF1EIdChYeHNDfK5,Sad Crying Mix,Sad Crying music picked just for you
"i hate u, i love u (feat. olivia o'brien)",gnash,us,76,0.492,0.275,6,-13.4,0,0.3,0.687,0,0.101,0.18,251034,92.6,4,37i9dQZF1EIdChYeHNDfK5,Sad Crying Mix,Sad Crying music picked just for you
this is what sadness feels like,JVKE,this is what ____ feels like (Vol. 1-4),61,0.483,0.321,10,-10.401,0,0.0719,0.82,0.000107,0.128,0.148,191831,141.28,3,37i9dQZF1EIdChYeHNDfK5,Sad Crying Mix,Sad Crying music picked just for you
That Home,The Cinematic Orchestra,Ma Fleur,72,0.412,0.159,9,-14.214,1,0.0278,0.991,0.772,0.083,0.0389,103920,85.462,4,37i9dQZF1EIdChYeHNDfK5,Sad Crying Mix,Sad Crying music picked just for you
Heather,Conan Gray,Kid Krow,86,0.357,0.425,5,-7.301,1,0.0333,0.584,0,0.322,0.27,198040,102.078,3,37i9dQZF1EIdChYeHNDfK5,Sad Crying Mix,Sad Crying music picked just for you
Make You Feel My Love,Adele,19,76,0.317,0.172,10,-10.636,1,0.0326,0.907,0.000383,0.105,0.0963,212040,65.18,3,37i9dQZF1EIdChYeHNDfK5,Sad Crying Mix,Sad Crying music picked just for you
One Last Song,Laura Alden,One Last Song,42,0.34,0.291,2,-13.435,1,0.0343,0.865,2.57e-05,0.0854,0.481,209000,90.103,4,2UGaH7eHNvWmLkoruexVKi,sad,Sad songs for a broken heart
Yellow,Coldplay,Parachutes,89,0.429,0.661,11,-7.227,1,0.0281,0.00239,0.000121,0.234,0.285,266773,173.372,4,2UGaH7eHNvWmLkoruexVKi,sad,Sad songs for a broken heart
The Night We Met,Lord Huron,Strange Trails,90,0.448,0.369,9,-9.514,1,0.0452,0.968,0.272,0.638,0.0998,208212,174.097,3,2UGaH7eHNvWmLkoruexVKi,sad,Sad songs for a broken heart
Wait,M83,"Hurry Up, We're Dreaming",16,0.426,0.228,2,-10.552,1,0.0322,0.203,0.14,0.0832,0.0826,343253,147.986,4,2UGaH7eHNvWmLkoruexVKi,sad,Sad songs for a broken heart
Beautiful Things - Acoustic,Benson Boone,Beautiful Things (Alternate Versions),67,0.51,0.339,10,-6.904,1,0.0622,0.603,0,0.0911,0.239,201249,132.674,4,2UGaH7eHNvWmLkoruexVKi,sad,Sad songs for a broken heart
How Do I Say Goodbye,Dean Lewis,How Do I Say Goodbye,75,0.4,0.641,8,-6.303,1,0.0674,0.214,0,0.0656,0.393,163603,81.552,4,2UGaH7eHNvWmLkoruexVKi,sad,Sad songs for a broken heart
"What Was I Made For? [From The Motion Picture ""Barbie""]",Billie Eilish,"What Was I Made For? [From The Motion Picture ""Barbie""]",90,0.391,0.084,0,-17.843,1,0.0317,0.953,0,0.0983,0.111,222370,79.449,4,2UGaH7eHNvWmLkoruexVKi,sad,Sad songs for a broken heart
7 Years,Lukas Graham,Lukas Graham (Blue Album),61,0.765,0.472,10,-5.837,1,0.052,0.291,0,0.389,0.352,237267,119.946,4,2UGaH7eHNvWmLkoruexVKi,sad,Sad songs for a broken heart
Here With Me,d4vd,Here With Me,30,0.574,0.469,4,-8.209,1,0.0254,0.534,9.21e-05,0.128,0.288,242485,132.023,4,2UGaH7eHNvWmLkoruexVKi,sad,Sad songs for a broken heart
Si No EstÃ¡s,iÃ±igo quintero,Si No EstÃ¡s,87,0.537,0.421,5,-8.72,1,0.0285,0.827,0,0.138,0.524,184061,98.224,4,2UGaH7eHNvWmLkoruexVKi,sad,Sad songs for a broken heart
Ghost,Justin Bieber,Justice,72,0.604,0.741,2,-5.571,1,0.0475,0.178,3.49e-05,0.409,0.473,153190,153.947,4,2UGaH7eHNvWmLkoruexVKi,sad,Sad songs for a broken heart
"1 step forward, 3 steps back",Olivia Rodrigo,SOUR,80,0.473,0.203,2,-12.627,1,0.102,0.941,0,0.126,0.419,163587,168.884,4,2UGaH7eHNvWmLkoruexVKi,sad,Sad songs for a broken heart
die first,Nessa Barrett,young forever,68,0.444,0.669,8,-6.727,0,0.125,0.0669,0,0.124,0.44,177109,183.441,4,2UGaH7eHNvWmLkoruexVKi,sad,Sad songs for a broken heart
July,Noah Cyrus,THE END OF EVERYTHING,85,0.708,0.186,9,-8.953,0,0.042,0.868,0,0.0779,0.322,156106,72.541,4,2UGaH7eHNvWmLkoruexVKi,sad,Sad songs for a broken heart
I GUESS I'M IN LOVE,Clinton Kane,MAYBE SOMEDAY IT'LL ALL BE OK,68,0.422,0.345,0,-6.365,1,0.0345,0.879,1.15e-05,0.149,0.224,204093,78.293,4,2UGaH7eHNvWmLkoruexVKi,sad,Sad songs for a broken heart
I'll Be Waiting,Cian Ducrot,Victory,69,0.518,0.64,1,-4.114,1,0.0401,0.348,0,0.0758,0.563,172547,155.899,4,2UGaH7eHNvWmLkoruexVKi,sad,Sad songs for a broken heart
That Part,Lauren Spencer Smith,Mirror,67,0.359,0.449,5,-7.835,1,0.0415,0.181,0,0.0974,0.371,174050,174.683,3,2UGaH7eHNvWmLkoruexVKi,sad,Sad songs for a broken heart
What A Time (feat. Niall Horan),Julia Michaels,Inner Monologue Part 1,77,0.516,0.467,0,-6.184,1,0.0302,0.662,0,0.0853,0.386,173307,132.861,4,2UGaH7eHNvWmLkoruexVKi,sad,Sad songs for a broken heart
LET EM GO,Matt Hansen,LET EM GO,75,0.364,0.512,11,-9.122,0,0.106,0.0337,0,0.107,0.134,181159,118.392,4,2UGaH7eHNvWmLkoruexVKi,sad,Sad songs for a broken heart
Half A Man,Dean Lewis,A Place We Knew,74,0.411,0.204,0,-11.575,1,0.0578,0.855,0,0.143,0.337,179120,70.853,4,2UGaH7eHNvWmLkoruexVKi,sad,Sad songs for a broken heart
Burn,David Kushner,Footprints I Found,74,0.574,0.408,0,-9.733,1,0.0359,0.799,0.00295,0.15,0.134,179173,126.127,4,2UGaH7eHNvWmLkoruexVKi,sad,Sad songs for a broken heart
Remember That Night?,Sara Kays,Remember That Night?,74,0.679,0.61,7,-10.936,0,0.0305,0.585,9.51e-05,0.156,0.554,227186,123.978,4,2UGaH7eHNvWmLkoruexVKi,sad,Sad songs for a broken heart
Flowers,Lauren Spencer Smith,Mirror,71,0.684,0.449,3,-9.738,1,0.611,0.869,0,0.0899,0.341,157863,66.165,4,2UGaH7eHNvWmLkoruexVKi,sad,Sad songs for a broken heart
Till Forever Falls Apart,Ashe,Ashlyn,74,0.346,0.501,2,-6.939,1,0.0364,0.421,0,0.0657,0.299,222927,99.855,4,2UGaH7eHNvWmLkoruexVKi,sad,Sad songs for a broken heart
If You Love Her,Forest Blakk,If You Love Her,75,0.286,0.445,6,-8.087,1,0.0347,0.355,0,0.114,0.278,217352,50.827,4,2UGaH7eHNvWmLkoruexVKi,sad,Sad songs for a broken heart
Mr. Forgettable,David Kushner,Footprints I Found,76,0.564,0.412,8,-9.23,0,0.0274,0.554,0,0.151,0.29,187293,144.689,4,2UGaH7eHNvWmLkoruexVKi,sad,Sad songs for a broken heart
Never Ever Love a Liar,Bea and her Business,Introverted Extrovert,56,0.426,0.523,5,-5.244,0,0.0359,0.568,0,0.0805,0.482,165747,81.979,4,2UGaH7eHNvWmLkoruexVKi,sad,Sad songs for a broken heart
Black Friday,Tom Odell,Black Friday,75,0.48,0.199,6,-12.398,1,0.0329,0.931,0.0563,0.0978,0.201,221510,165.476,4,2UGaH7eHNvWmLkoruexVKi,sad,Sad songs for a broken heart
the grudge,Olivia Rodrigo,GUTS,78,0.511,0.313,10,-9.32,1,0.0846,0.905,0,0.0832,0.331,189386,126.962,4,2UGaH7eHNvWmLkoruexVKi,sad,Sad songs for a broken heart
Daylight,David Kushner,Daylight,89,0.508,0.43,2,-9.475,0,0.0335,0.83,0.000441,0.093,0.324,212954,130.09,4,2UGaH7eHNvWmLkoruexVKi,sad,Sad songs for a broken heart
Bigger Person,Lauren Spencer Smith,Mirror,69,0.663,0.36,7,-8.217,1,0.0406,0.406,0,0.173,0.185,161367,104.809,4,2UGaH7eHNvWmLkoruexVKi,sad,Sad songs for a broken heart
Better Man,Sekou,Better Man,55,0.472,0.225,0,-9.085,1,0.0425,0.931,3.86e-06,0.124,0.161,192131,130.072,4,2UGaH7eHNvWmLkoruexVKi,sad,Sad songs for a broken heart
i wish you cheated,Alexander Stewart,i wish you cheated,68,0.351,0.487,11,-7.303,1,0.0589,0.21,0,0.186,0.475,190627,77.141,3,2UGaH7eHNvWmLkoruexVKi,sad,Sad songs for a broken heart
Heather,Conan Gray,Kid Krow,86,0.357,0.425,5,-7.301,1,0.0333,0.584,0,0.322,0.27,198040,102.078,3,2UGaH7eHNvWmLkoruexVKi,sad,Sad songs for a broken heart
Sweater Weather,Kurt Hugo Schneider,Kurt & Company Vol 2,57,0.607,0.328,10,-7.824,1,0.0305,0.875,0,0.138,0.396,228387,124.041,4,2UGaH7eHNvWmLkoruexVKi,sad,Sad songs for a broken heart
Someone Like You,Adele,21,81,0.556,0.319,9,-8.251,1,0.0281,0.893,0,0.0996,0.294,285240,135.187,4,2UGaH7eHNvWmLkoruexVKi,sad,Sad songs for a broken heart
Stick Season,Noah Kahan,Stick Season,93,0.664,0.5,9,-6.935,1,0.0651,0.799,0,0.0966,0.801,182347,117.896,4,2UGaH7eHNvWmLkoruexVKi,sad,Sad songs for a broken heart
I Remember Everything (feat. Kacey Musgraves),Zach Bryan,Zach Bryan,91,0.429,0.453,0,-7.746,1,0.0459,0.554,2e-06,0.102,0.155,227196,77.639,4,2UGaH7eHNvWmLkoruexVKi,sad,Sad songs for a broken heart
vampire,Olivia Rodrigo,GUTS,89,0.484,0.53,5,-5.821,1,0.0538,0.154,0,0.263,0.323,219724,136.848,4,2UGaH7eHNvWmLkoruexVKi,sad,Sad songs for a broken heart
The Night We Met,Lord Huron,Strange Trails,90,0.448,0.369,9,-9.514,1,0.0452,0.968,0.272,0.638,0.0998,208212,174.097,3,37i9dQZF1EIh4v230xvJvd,Sad Late Night Mix,Sad Late Night music picked just for you
Hope,XXXTENTACION,?,84,0.592,0.457,9,-6.081,0,0.0603,0.661,0.000331,0.146,0.225,110886,146.04,4,37i9dQZF1EIh4v230xvJvd,Sad Late Night Mix,Sad Late Night music picked just for you
Love In The Dark,Adele,25,79,0.331,0.341,9,-6.057,0,0.0309,0.528,0,0.109,0.152,285935,109.821,4,37i9dQZF1EIh4v230xvJvd,Sad Late Night Mix,Sad Late Night music picked just for you
Talking to the Moon,Bruno Mars,Doo-Wops & Hooligans,83,0.498,0.59,1,-4.721,0,0.032,0.511,0,0.107,0.0784,217867,145.867,4,37i9dQZF1EIh4v230xvJvd,Sad Late Night Mix,Sad Late Night music picked just for you
bitches broken hearts,Billie Eilish,bitches broken hearts,74,0.778,0.422,0,-10.114,1,0.0482,0.921,0.00924,0.0958,0.187,176472,120.033,4,37i9dQZF1EIh4v230xvJvd,Sad Late Night Mix,Sad Late Night music picked just for you
Until I Found You,Stephen Sanchez,Easy On My Eyes,79,0.346,0.5,10,-6.097,1,0.0388,0.757,0,0.189,0.191,176667,202.466,3,37i9dQZF1EIh4v230xvJvd,Sad Late Night Mix,Sad Late Night music picked just for you
Somewhere Only We Know,Keane,Hopes And Fears,75,0.453,0.655,9,-4.22,1,0.0257,0.0794,7.06e-06,0.0849,0.366,236160,172.01,4,37i9dQZF1EIh4v230xvJvd,Sad Late Night Mix,Sad Late Night music picked just for you
The Other Woman,Lana Del Rey,Ultraviolence (Deluxe),75,0.255,0.468,7,-6.43,0,0.0317,0.822,0.248,0.339,0.175,181960,111.67,4,37i9dQZF1EIh4v230xvJvd,Sad Late Night Mix,Sad Late Night music picked just for you
1-800-273-8255,Logic,Everybody,75,0.62,0.574,5,-7.788,0,0.0479,0.569,0,0.19,0.357,250173,100.023,4,37i9dQZF1EIh4v230xvJvd,Sad Late Night Mix,Sad Late Night music picked just for you
Romantic Homicide,d4vd,Romantic Homicide,87,0.571,0.544,6,-10.613,1,0.0299,0.453,0.00805,0.322,0.216,132631,132.052,4,37i9dQZF1EIh4v230xvJvd,Sad Late Night Mix,Sad Late Night music picked just for you
Astronomy,Conan Gray,Superache,73,0.474,0.343,4,-8.571,0,0.027,0.578,2.65e-05,0.305,0.152,243907,145.115,3,37i9dQZF1EIh4v230xvJvd,Sad Late Night Mix,Sad Late Night music picked just for you
You're Somebody Else,flora cash,"Baby, It's Okay",69,0.706,0.46,1,-9.061,1,0.0296,0.847,0.00793,0.106,0.226,219013,102.98,4,37i9dQZF1EIh4v230xvJvd,Sad Late Night Mix,Sad Late Night music picked just for you
Will He,Joji,In Tongues (Deluxe),68,0.618,0.217,10,-15.372,1,0.0515,0.836,0.000163,0.538,0.0872,202103,116.014,4,37i9dQZF1EIh4v230xvJvd,Sad Late Night Mix,Sad Late Night music picked just for you
To Build A Home,The Cinematic Orchestra,Ma Fleur,75,0.264,0.122,9,-15.399,1,0.0349,0.885,0.349,0.094,0.0735,371320,148.658,4,37i9dQZF1EIh4v230xvJvd,Sad Late Night Mix,Sad Late Night music picked just for you
the remedy for a broken heart (why am I so in love),XXXTENTACION,?,75,0.699,0.304,1,-11.192,1,0.0993,0.779,0.000993,0.137,0.271,160184,119.705,4,37i9dQZF1EIh4v230xvJvd,Sad Late Night Mix,Sad Late Night music picked just for you
Lie,NF,Perception,75,0.749,0.659,5,-6.419,1,0.167,0.161,0,0.246,0.185,209213,95.008,4,37i9dQZF1EIh4v230xvJvd,Sad Late Night Mix,Sad Late Night music picked just for you
all the kids are depressed,Jeremy Zucker,glisten,69,0.773,0.437,9,-8.281,1,0.0976,0.835,2.17e-05,0.544,0.708,169973,103.857,4,37i9dQZF1EIh4v230xvJvd,Sad Late Night Mix,Sad Late Night music picked just for you
Lean Wit Me,Juice WRLD,Goodbye & Good Riddance,79,0.665,0.651,1,-5.515,1,0.156,0.0414,0,0.0896,0.237,175755,163.935,4,37i9dQZF1EIh4v230xvJvd,Sad Late Night Mix,Sad Late Night music picked just for you
Pretty When You Cry,Lana Del Rey,Ultraviolence (Deluxe),77,0.509,0.547,10,-6.548,0,0.0417,0.399,0,0.215,0.197,234147,109.436,4,37i9dQZF1EIh4v230xvJvd,Sad Late Night Mix,Sad Late Night music picked just for you
What A Time (feat. Niall Horan),Julia Michaels,Inner Monologue Part 1,77,0.516,0.467,0,-6.184,1,0.0302,0.662,0,0.0853,0.386,173307,132.861,4,37i9dQZF1EIh4v230xvJvd,Sad Late Night Mix,Sad Late Night music picked just for you
Runaway,AURORA,All My Demons Greeting Me As A Friend (Deluxe),76,0.422,0.302,11,-9.214,1,0.0372,0.629,7.83e-05,0.104,0.123,248827,114.089,4,37i9dQZF1EIh4v230xvJvd,Sad Late Night Mix,Sad Late Night music picked just for you
Mary,Alex G,Trick,73,0.693,0.467,4,-9.558,0,0.043,0.0497,0.452,0.107,0.402,197733,105.955,4,37i9dQZF1EIh4v230xvJvd,Sad Late Night Mix,Sad Late Night music picked just for you
It Will Rain,Bruno Mars,It Will Rain,65,0.574,0.824,2,-6.885,1,0.0463,0.359,0,0.0816,0.434,257848,149.981,4,37i9dQZF1EIh4v230xvJvd,Sad Late Night Mix,Sad Late Night music picked just for you
I Don't Wanna Waste My Time,Joji,In Tongues (Deluxe),61,0.403,0.234,4,-17.865,1,0.0531,0.761,0.0618,0.123,0.13,164430,144.226,4,37i9dQZF1EIh4v230xvJvd,Sad Late Night Mix,Sad Late Night music picked just for you
I Lost Myself In Loving You,Jamie Miller,Broken Memories,61,0.456,0.615,1,-5.454,1,0.0529,0.614,0,0.0908,0.416,201307,78.461,4,37i9dQZF1EIh4v230xvJvd,Sad Late Night Mix,Sad Late Night music picked just for you
NUMB,XXXTENTACION,?,73,0.414,0.416,11,-8.024,0,0.0251,0.1,0.179,0.131,0.196,186268,159.91,4,37i9dQZF1EIh4v230xvJvd,Sad Late Night Mix,Sad Late Night music picked just for you
this is what sadness feels like,JVKE,this is what ____ feels like (Vol. 1-4),61,0.483,0.321,10,-10.401,0,0.0719,0.82,0.000107,0.128,0.148,191831,141.28,3,37i9dQZF1EIh4v230xvJvd,Sad Late Night Mix,Sad Late Night music picked just for you
comethru,Jeremy Zucker,"summer,",75,0.796,0.178,0,-11.991,1,0.0572,0.607,0,0.623,0.608,181613,93.976,4,37i9dQZF1EIh4v230xvJvd,Sad Late Night Mix,Sad Late Night music picked just for you
Hearing,Sleeping At Last,Atlas: II,62,0.207,0.292,7,-11.641,1,0.0328,0.818,0.942,0.0934,0.11,248635,141.869,4,37i9dQZF1EIh4v230xvJvd,Sad Late Night Mix,Sad Late Night music picked just for you
Brooklyn Baby,Lana Del Rey,Ultraviolence (Deluxe),82,0.404,0.664,1,-6.698,1,0.0407,0.542,0.00402,0.11,0.0949,351640,107.747,4,37i9dQZF1EIh4v230xvJvd,Sad Late Night Mix,Sad Late Night music picked just for you
Ylang Ylang,FKJ,Ylang Ylang EP,62,0.559,0.243,1,-12.453,1,0.0326,0.925,0.935,0.108,0.162,213000,69.941,4,37i9dQZF1EIh4v230xvJvd,Sad Late Night Mix,Sad Late Night music picked just for you
I Always Wanna Die (Sometimes),The 1975,A Brief Inquiry Into Online Relationships,64,0.374,0.473,4,-5.636,1,0.0323,0.00522,0.00163,0.123,0.0398,314663,148.946,4,37i9dQZF1EIh4v230xvJvd,Sad Late Night Mix,Sad Late Night music picked just for you
16 Mirrors,Alex G,Trick,72,0.564,0.3,2,-7.349,1,0.0887,0.638,0.0022,0.101,0.0487,87093,121.888,4,37i9dQZF1EIh4v230xvJvd,Sad Late Night Mix,Sad Late Night music picked just for you
Heather,Conan Gray,Kid Krow,86,0.357,0.425,5,-7.301,1,0.0333,0.584,0,0.322,0.27,198040,102.078,3,37i9dQZF1EIh4v230xvJvd,Sad Late Night Mix,Sad Late Night music picked just for you
All Girls Are The Same,Juice WRLD,Goodbye & Good Riddance,83,0.671,0.529,0,-7.226,1,0.307,0.0769,0.000335,0.0856,0.203,165820,161.989,4,37i9dQZF1EIh4v230xvJvd,Sad Late Night Mix,Sad Late Night music picked just for you
Space Song,Beach House,Depression Cherry,79,0.508,0.792,0,-7.311,0,0.0297,0.229,0.124,0.145,0.601,320467,147.067,4,37i9dQZF1EIh4v230xvJvd,Sad Late Night Mix,Sad Late Night music picked just for you
changes,XXXTENTACION,?,77,0.669,0.308,11,-10.068,1,0.029,0.883,0,0.0984,0.52,121887,64.934,4,37i9dQZF1EIh4v230xvJvd,Sad Late Night Mix,Sad Late Night music picked just for you
Wicked Game,Chris Isaak,Heart Shaped World,81,0.663,0.296,9,-18.09,1,0.0294,0.68,0.00837,0.0879,0.359,289067,112.306,4,37i9dQZF1EIh4v230xvJvd,Sad Late Night Mix,Sad Late Night music picked just for you
Mystery of Love,Sufjan Stevens,Mystery of Love,71,0.365,0.273,4,-16.526,0,0.038,0.94,0.431,0.109,0.238,248960,132.285,5,37i9dQZF1EIh4v230xvJvd,Sad Late Night Mix,Sad Late Night music picked just for you
Touch,Sleeping At Last,Atlas: II,67,0.415,0.104,0,-11.83,1,0.0426,0.955,3.79e-06,0.104,0.18,256300,82.006,3,37i9dQZF1EIh4v230xvJvd,Sad Late Night Mix,Sad Late Night music picked just for you
The Way Life Goes (feat. Oh Wonder),Lil Uzi Vert,Luv Is Rage 2,80,0.703,0.757,1,-3.612,1,0.05,0.617,0,0.106,0.696,221747,82.008,4,37i9dQZF1EIh4v230xvJvd,Sad Late Night Mix,Sad Late Night music picked just for you
True Love,Kanye West,True Love,76,0.712,0.861,5,-5.487,0,0.25,0.0182,6.09e-06,0.511,0.388,148571,84.042,4,37i9dQZF1EIh4v230xvJvd,Sad Late Night Mix,Sad Late Night music picked just for you
worldstar money (interlude),Joji,In Tongues (Deluxe),76,0.577,0.387,7,-8.607,1,0.274,0.964,0.705,0.208,0.459,126312,146.565,1,37i9dQZF1EIh4v230xvJvd,Sad Late Night Mix,Sad Late Night music picked just for you
Advice,Alex G,Trick,68,0.356,0.611,10,-5.71,1,0.0289,0.000183,0.867,0.127,0.272,157973,170.069,4,37i9dQZF1EIh4v230xvJvd,Sad Late Night Mix,Sad Late Night music picked just for you
this is what autumn feels like,JVKE,this is what autumn feels like,68,0.238,0.441,3,-7.42,1,0.0364,0.912,0.433,0.167,0.164,219909,79.445,4,37i9dQZF1EIh4v230xvJvd,Sad Late Night Mix,Sad Late Night music picked just for you
Used To,Juice WRLD,Goodbye & Good Riddance,69,0.631,0.709,2,-4.666,1,0.0505,0.0963,0,0.376,0.2,176443,84.504,4,37i9dQZF1EIh4v230xvJvd,Sad Late Night Mix,Sad Late Night music picked just for you
Heart To Heart,Mac DeMarco,Here Comes The Cowboy,83,0.901,0.136,8,-16.127,0,0.102,0.667,0.354,0.109,0.643,211140,150.076,4,37i9dQZF1EIh4v230xvJvd,Sad Late Night Mix,Sad Late Night music picked just for you
Evergreen (You Didnâ€™t Deserve Me At All),Omar Apollo,Ivory,77,0.697,0.336,9,-10.395,1,0.0424,0.598,0.00528,0.107,0.31,216680,82.029,3,37i9dQZF1EIh4v230xvJvd,Sad Late Night Mix,Sad Late Night music picked just for you
After Dark,Mr.Kitty,Time,67,0.578,0.6,8,-10.491,1,0.0322,0.0677,0.417,0.0778,0.0392,257147,140.021,4,37i9dQZF1EIh4v230xvJvd,Sad Late Night Mix,Sad Late Night music picked just for you
Visions of Gideon,Sufjan Stevens,Call Me By Your Name (Original Motion Picture Soundtrack),66,0.252,0.314,5,-18.197,0,0.0407,0.942,0.676,0.0892,0.2,247808,75.056,4,37i9dQZF1EIh4v230xvJvd,Sad Late Night Mix,Sad Late Night music picked just for you
How Do I Say Goodbye,Dean Lewis,How Do I Say Goodbye,75,0.4,0.641,8,-6.303,1,0.0674,0.214,0,0.0656,0.393,163603,81.552,4,5DVUEqRL1EV8I9n65eBaAw,sad songs to cry out to ðŸ˜­,"songs to cry out to, sad music"
Another Love,Tom Odell,Long Way Down (Deluxe),89,0.445,0.537,4,-8.532,0,0.04,0.695,1.65e-05,0.0944,0.131,244360,122.769,4,5DVUEqRL1EV8I9n65eBaAw,sad songs to cry out to ðŸ˜­,"songs to cry out to, sad music"
Lights Are On,Tom Rosenthal,Z-Sides,78,0.44,0.04,3,-16.887,1,0.0322,0.981,0.465,0.111,0.249,193749,135.965,4,5DVUEqRL1EV8I9n65eBaAw,sad songs to cry out to ðŸ˜­,"songs to cry out to, sad music"
Someone You Loved,Lewis Capaldi,Divinely Uninspired To A Hellish Extent,89,0.501,0.405,1,-5.679,1,0.0319,0.751,0,0.105,0.446,182161,109.891,4,5DVUEqRL1EV8I9n65eBaAw,sad songs to cry out to ðŸ˜­,"songs to cry out to, sad music"
Half A Man,Dean Lewis,A Place We Knew,74,0.411,0.204,0,-11.575,1,0.0578,0.855,0,0.143,0.337,179120,70.853,4,5DVUEqRL1EV8I9n65eBaAw,sad songs to cry out to ðŸ˜­,"songs to cry out to, sad music"
Hold Me While You Wait,Lewis Capaldi,Divinely Uninspired To A Hellish Extent,77,0.688,0.53,11,-5.507,1,0.0333,0.443,0,0.0995,0.162,205687,106.958,4,5DVUEqRL1EV8I9n65eBaAw,sad songs to cry out to ðŸ˜­,"songs to cry out to, sad music"
Happiest Year,Jaymes Young,Feel Something (Deluxe),75,0.502,0.168,1,-14.061,1,0.0486,0.885,0,0.111,0.355,228443,112.881,3,5DVUEqRL1EV8I9n65eBaAw,sad songs to cry out to ðŸ˜­,"songs to cry out to, sad music"
Stay With Me,Sam Smith,In The Lonely Hour,84,0.413,0.42,0,-6.444,1,0.0416,0.588,6.39e-05,0.11,0.185,172724,84.126,4,5DVUEqRL1EV8I9n65eBaAw,sad songs to cry out to ðŸ˜­,"songs to cry out to, sad music"
Before You Go - Guitar Acoustic,Lewis Capaldi,Before You Go EP,61,0.477,0.445,3,-5.395,1,0.0338,0.717,0,0.0996,0.466,218900,82.765,3,5DVUEqRL1EV8I9n65eBaAw,sad songs to cry out to ðŸ˜­,"songs to cry out to, sad music"
Love In The Dark,Adele,25,79,0.331,0.341,9,-6.057,0,0.0309,0.528,0,0.109,0.152,285935,109.821,4,5DVUEqRL1EV8I9n65eBaAw,sad songs to cry out to ðŸ˜­,"songs to cry out to, sad music"
Bruises,Lewis Capaldi,Divinely Uninspired To A Hellish Extent,80,0.736,0.308,4,-7.83,1,0.0677,0.946,0,0.186,0.361,220492,111.202,4,5DVUEqRL1EV8I9n65eBaAw,sad songs to cry out to ðŸ˜­,"songs to cry out to, sad music"
Where's My Love,SYML,SYML,81,0.604,0.36,0,-10.109,0,0.0253,0.868,0.0343,0.112,0.37,202000,103.985,4,5DVUEqRL1EV8I9n65eBaAw,sad songs to cry out to ðŸ˜­,"songs to cry out to, sad music"
Gone,HNE,Gone,48,0.574,0.336,0,-12.837,1,0.06,0.893,0.000274,0.106,0.197,152640,109.922,4,5DVUEqRL1EV8I9n65eBaAw,sad songs to cry out to ðŸ˜­,"songs to cry out to, sad music"
Get You The Moon (feat. SnÃ¸w),Kina,Get You The Moon (feat. SnÃ¸w),76,0.498,0.235,1,-16.541,0,0.188,0.72,0,0.144,0.0895,179080,118.917,4,5DVUEqRL1EV8I9n65eBaAw,sad songs to cry out to ðŸ˜­,"songs to cry out to, sad music"
Forever,Lewis Capaldi,Divinely Uninspired To A Hellish Extent,73,0.646,0.355,1,-7.119,1,0.0263,0.873,0,0.115,0.364,210863,84.988,4,5DVUEqRL1EV8I9n65eBaAw,sad songs to cry out to ðŸ˜­,"songs to cry out to, sad music"
Hold On,Chord Overstreet,Hold On,79,0.618,0.443,2,-9.681,1,0.0526,0.469,0,0.0829,0.167,198853,119.949,4,5DVUEqRL1EV8I9n65eBaAw,sad songs to cry out to ðŸ˜­,"songs to cry out to, sad music"
Already Gone,Sleeping At Last,"Covers, Vol. 2",68,0.418,0.248,3,-9.997,1,0.0451,0.954,4.21e-06,0.108,0.298,243007,130.953,4,5DVUEqRL1EV8I9n65eBaAw,sad songs to cry out to ðŸ˜­,"songs to cry out to, sad music"
Hero,David Kushner,Hero,70,0.4,0.335,1,-8.355,1,0.0389,0.673,0,0.0856,0.208,206218,99.378,1,5DVUEqRL1EV8I9n65eBaAw,sad songs to cry out to ðŸ˜­,"songs to cry out to, sad music"
Walked Through Hell,Anson Seabra,Feeling For My Life,64,0.508,0.404,10,-11.092,1,0.0788,0.664,0,0.104,0.129,216865,81.713,4,5DVUEqRL1EV8I9n65eBaAw,sad songs to cry out to ðŸ˜­,"songs to cry out to, sad music"
Memories,Dean Lewis,Memories,70,0.569,0.393,2,-6.507,1,0.0411,0.797,0,0.123,0.405,179535,128.704,4,5DVUEqRL1EV8I9n65eBaAw,sad songs to cry out to ðŸ˜­,"songs to cry out to, sad music"
Daylight,David Kushner,Daylight,89,0.508,0.43,2,-9.475,0,0.0335,0.83,0.000441,0.093,0.324,212954,130.09,4,5DVUEqRL1EV8I9n65eBaAw,sad songs to cry out to ðŸ˜­,"songs to cry out to, sad music"
You Are The Reason,Calum Scott,Only Human (Deluxe),79,0.329,0.235,10,-7.699,1,0.0303,0.918,0,0.137,0.22,204326,171.006,3,5DVUEqRL1EV8I9n65eBaAw,sad songs to cry out to ðŸ˜­,"songs to cry out to, sad music"
Stay,Rihanna,Unapologetic (Edited Version),72,0.621,0.31,9,-10.164,0,0.0283,0.945,6.12e-05,0.117,0.125,240707,111.881,4,5DVUEqRL1EV8I9n65eBaAw,sad songs to cry out to ðŸ˜­,"songs to cry out to, sad music"
Time Of My Life,Dici,Time Of My Life,48,0.672,0.533,4,-7.378,0,0.0351,0.595,0,0.11,0.37,183529,84.982,4,5DVUEqRL1EV8I9n65eBaAw,sad songs to cry out to ðŸ˜­,"songs to cry out to, sad music"
The Last Bit Of Us,Dean Lewis,The Last Bit Of Us,69,0.557,0.317,7,-9.497,1,0.0335,0.675,1.86e-06,0.101,0.166,202721,120.419,4,5DVUEqRL1EV8I9n65eBaAw,sad songs to cry out to ðŸ˜­,"songs to cry out to, sad music"
July,Noah Cyrus,THE END OF EVERYTHING,85,0.708,0.186,9,-8.953,0,0.042,0.868,0,0.0779,0.322,156106,72.541,4,5DVUEqRL1EV8I9n65eBaAw,sad songs to cry out to ðŸ˜­,"songs to cry out to, sad music"
Yours,Ella Henderson,Chapter One (Deluxe Version),56,0.581,0.263,0,-10.411,1,0.032,0.819,0,0.0808,0.229,168587,125.004,4,5DVUEqRL1EV8I9n65eBaAw,sad songs to cry out to ðŸ˜­,"songs to cry out to, sad music"
You Said You'd Grow Old With Me,Michael Schulte,Wide Awake,60,0.531,0.347,0,-7.044,1,0.0345,0.905,0,0.0935,0.289,224743,114.441,4,5DVUEqRL1EV8I9n65eBaAw,sad songs to cry out to ðŸ˜­,"songs to cry out to, sad music"
